method,accuracy,macro_f1,title
TemporalCNN,0.8833333333333333,0.8837729884241513,"TemporalCNN ch=(64, 64) k=5 drop=0.2"
RandomShapelets+MLP,0.8416666666666667,0.8442255576401917,RandomShapelets+MLP
LSTM,0.8,0.7992625762398955,LSTM h=256 L=2 bi=True drop=0.2
GAK+SVM,0.7333333333333333,0.7315392257252723,GAK+SVM
